run,mode,model,epochs,partition,train_loss,val_loss,mse,mae,rmse,test_loss
1,central,LSTM,30,a,,,,,,352.8254699707031
1,central,gMLP,15,a,75.25809478759766,109.09264373779295,109.09264373779295,6.108047962188721,10.444743156433104,6657.728515625
1,central,InceptionTime,15,a,155.66305541992188,279.63909912109375,279.63909912109375,12.576088905334473,16.722414016723633,15029346.0
1,central,TSTPlus,20,a,108.11180114746094,459.60552978515625,459.60552978515625,15.0156831741333,21.438413619995117,29790744576.0
1,central,GRUPlus,20,a,117.89147186279295,135.08335876464844,135.08335876464844,6.8137664794921875,11.622536659240724,173.58180236816406
1,central,LSTM,30,b,58.7561149597168,63.674659729003906,63.674659729003906,4.89474630355835,7.979640007019043,91.21652221679688
1,central,gMLP,15,b,58.72126388549805,59.541507720947266,59.541507720947266,4.937691688537598,7.716315269470215,78.54972076416016
1,central,InceptionTime,15,b,53.38517379760742,109.59649658203124,109.59649658203124,6.496276378631592,10.46883487701416,108.5793914794922
1,central,TSTPlus,20,b,36.45050048828125,92.16717529296876,92.16717529296876,7.204775810241699,9.600374221801758,99.17530822753906
1,central,GRUPlus,20,b,63.87546920776367,70.6240005493164,70.6240005493164,5.158811092376709,8.40380859375,79.62422180175781
1,central,LSTM,30,c,58.55742645263672,75.04996490478516,75.04996490478516,6.161706924438477,8.663137435913086,124.75071716308594
1,central,gMLP,15,c,56.56965255737305,71.57776641845703,71.57776641845703,5.710060119628906,8.46036434173584,76.33357238769531
1,central,InceptionTime,15,c,59.85713577270508,88.27772521972656,88.27772521972656,6.58522367477417,9.395624160766602,1617.60498046875
1,central,TSTPlus,20,c,83.19412994384766,113.14447784423828,113.14447784423828,7.850193977355957,10.63693904876709,146356.921875
1,central,GRUPlus,20,c,59.91440963745117,78.39387512207031,78.39387512207031,6.203216552734375,8.854031562805176,73.95930480957031
2,central,LSTM,30,a,116.00852966308594,130.77548217773438,130.77548217773438,6.751004219055176,11.435711860656738,200.6505584716797
2,central,gMLP,15,a,65.56841278076172,107.4143295288086,107.4143295288086,6.484474182128906,10.36408805847168,8663.2685546875
2,central,InceptionTime,15,a,168.9879150390625,299.3493957519531,299.3493957519531,12.13484001159668,17.301715850830078,54374636.0
2,central,TSTPlus,20,a,44.63253402709961,159.16293334960938,159.16293334960938,8.41262435913086,12.61598014831543,13472415744.0
2,central,GRUPlus,20,a,120.5546875,143.48046875,143.48046875,7.289506912231445,11.978331565856934,191.22105407714844
2,central,LSTM,30,b,54.65678405761719,62.968231201171875,62.968231201171875,4.917730808258057,7.935251712799072,88.0049057006836
2,central,gMLP,15,b,52.0026741027832,58.36121368408203,58.36121368408203,4.841193675994873,7.639450550079346,64.24713897705078
2,central,InceptionTime,15,b,67.97879791259766,157.22842407226562,157.22842407226562,9.137879371643066,12.53907585144043,191.5
2,central,TSTPlus,20,b,39.55696105957031,97.0191421508789,97.0191421508789,7.542148113250732,9.84982967376709,108.67581939697266
2,central,GRUPlus,20,b,61.979469299316406,66.35498809814453,66.35498809814453,5.026820659637451,8.145856857299805,75.39225006103516
2,central,LSTM,30,c,67.56404113769531,74.95008087158203,74.95008087158203,6.00989294052124,8.657370567321777,87.97509765625
2,central,gMLP,15,c,60.97782516479492,74.5962905883789,74.5962905883789,6.075031280517578,8.636914253234863,75.93002319335938
2,central,InceptionTime,15,c,61.4636116027832,109.87831115722656,109.87831115722656,7.333474159240723,10.482285499572754,188.0953826904297
2,central,TSTPlus,20,c,59.51144790649414,104.222412109375,104.222412109375,7.434935569763184,10.208938598632812,120592.75
2,central,GRUPlus,20,c,62.23445510864258,77.83553314208984,77.83553314208984,6.096555233001709,8.822443962097168,76.56000518798828
3,central,LSTM,30,a,292.3117370605469,302.3931579589844,302.3931579589844,11.1814546585083,17.389453887939453,263.3214416503906
3,central,gMLP,15,a,68.90459442138672,103.83436584472656,103.83436584472656,6.174475193023682,10.189913749694824,190.15757751464844
3,central,InceptionTime,15,a,240.45367431640625,304.8157958984375,304.8157958984375,11.656670570373535,17.458974838256836,665.0719604492188
3,central,TSTPlus,20,a,103.4883270263672,270.1056213378906,270.1056213378906,11.609309196472168,16.434890747070312,245.45692443847656
3,central,GRUPlus,20,a,287.8240966796875,258.4324951171875,258.4324951171875,9.433135032653809,16.075836181640625,269.26910400390625
3,central,LSTM,30,b,58.62637710571289,64.71826171875,64.71826171875,5.133124828338623,8.04476547241211,121.44993591308594
3,central,gMLP,15,b,55.36785125732422,58.24208068847656,58.24208068847656,4.831542015075684,7.631649971008301,80.56623077392578
3,central,InceptionTime,15,b,72.31024169921875,88.30529022216797,88.30529022216797,6.10814094543457,9.397089958190918,672.4781494140625
3,central,TSTPlus,20,b,35.10263442993164,90.65634155273438,90.65634155273438,7.196712493896484,9.5213623046875,106.2206039428711
3,central,GRUPlus,20,b,61.45989608764648,66.1090087890625,66.1090087890625,4.976825714111328,8.130744934082031,119.74232482910156
3,central,LSTM,30,c,70.5926284790039,86.21249389648438,86.21249389648438,6.4662394523620605,9.28506851196289,862.520751953125
3,central,gMLP,15,c,57.69477081298828,65.14126586914062,65.14126586914062,5.743133068084717,8.071014404296875,1713.7816162109375
3,central,InceptionTime,15,c,293.9656677246094,112.21089935302734,112.21089935302734,6.676112651824951,10.592965126037598,299.1758117675781
3,central,TSTPlus,20,c,65.23072052001953,170.1125946044922,170.1125946044922,9.97788429260254,13.04272174835205,205.12832641601562
3,central,GRUPlus,20,c,61.491703033447266,79.46165466308594,79.46165466308594,6.239809989929199,8.9141263961792,2464.512451171875
4,central,LSTM,30,a,97.5097427368164,128.15924072265625,128.15924072265625,6.663956642150879,11.3207426071167,265.15948486328125
4,central,gMLP,15,a,63.70854568481445,114.48698425292967,114.48698425292967,7.0638747215271,10.699859619140623,186.5744171142578
4,central,InceptionTime,15,a,243.6106109619141,257.61334228515625,257.61334228515625,11.669143676757812,16.050336837768555,519.1220092773438
4,central,TSTPlus,20,a,102.94515991210938,220.7111968994141,220.7111968994141,9.630126953125,14.856351852416992,268.2494812011719
4,central,GRUPlus,20,a,122.80177307128906,146.39678955078125,146.39678955078125,7.817303657531738,12.099453926086426,262.5887451171875
4,central,LSTM,30,b,55.52056884765625,62.95517349243164,62.95517349243164,5.011239051818848,7.9344305992126465,122.25597381591797
4,central,gMLP,15,b,53.625545501708984,61.43161392211914,61.43161392211914,4.965618133544922,7.837831497192383,103.5661849975586
4,central,InceptionTime,15,b,85.90876770019531,98.62722778320312,98.62722778320312,6.228332042694092,9.931123733520508,318.0918273925781
4,central,TSTPlus,20,b,39.21268844604492,121.0408172607422,121.0408172607422,8.695168495178223,11.001855850219728,109.77385711669922
4,central,GRUPlus,20,b,62.40415573120117,68.19236755371094,68.19236755371094,5.042771816253662,8.257866859436035,120.59342956542969
4,central,LSTM,30,c,58.503074645996094,79.4289779663086,79.4289779663086,6.278818607330322,8.912293434143066,865.3606567382812
4,central,gMLP,15,c,59.27899932861328,67.88856506347656,67.88856506347656,6.0037522315979,8.239452362060547,6100.9619140625
4,central,InceptionTime,15,c,61.330360412597656,102.45355987548828,102.45355987548828,6.862934112548828,10.12193489074707,232.58335876464844
4,central,TSTPlus,20,c,61.27347946166992,101.87651824951172,101.87651824951172,7.3475341796875,10.093390464782717,323.5948791503906
4,central,GRUPlus,20,c,62.19094467163086,75.9281234741211,75.9281234741211,5.988951206207275,8.713674545288086,2466.37353515625
5,central,LSTM,30,a,104.7472686767578,137.5194854736328,137.5194854736328,7.033276081085205,11.726869583129885,267.29937744140625
5,central,gMLP,15,a,73.94377899169922,94.0942611694336,94.0942611694336,5.80747127532959,9.70021915435791,155.58705139160156
5,central,InceptionTime,15,a,505.038818359375,265.4410705566406,265.4410705566406,12.266602516174316,16.292362213134766,468.5278015136719
5,central,TSTPlus,20,a,73.00846862792969,180.15853881835935,180.15853881835935,9.163835525512695,13.422314643859863,266.86956787109375
5,central,GRUPlus,20,a,122.3412094116211,135.69546508789062,135.69546508789062,6.715120315551758,11.648839950561523,259.302734375
5,central,LSTM,30,b,58.499794006347656,68.73907470703125,68.73907470703125,5.320404529571533,8.290903091430664,116.18431091308594
5,central,gMLP,15,b,57.87705612182617,62.34665298461914,62.34665298461914,5.011377811431885,7.895989418029785,81.87399291992188
5,central,InceptionTime,15,b,108.84693908691406,124.60858154296876,124.60858154296876,8.193160057067871,11.16282081604004,457.8476867675781
5,central,TSTPlus,20,b,39.51491165161133,90.4252471923828,90.4252471923828,6.93589973449707,9.5092191696167,115.73435974121094
5,central,GRUPlus,20,b,65.0545425415039,70.73699951171875,70.73699951171875,5.18433952331543,8.410528182983398,120.45174407958984
5,central,LSTM,30,c,57.25465393066406,69.95687103271484,69.95687103271484,5.902724266052246,8.364023208618164,862.8327026367188
5,central,gMLP,15,c,55.25030899047851,69.18595123291016,69.18595123291016,6.004971981048584,8.31781005859375,1472.423828125
5,central,InceptionTime,15,c,59.425819396972656,100.87770080566406,100.87770080566406,6.682382106781006,10.04378890991211,169.95474243164062
5,central,TSTPlus,20,c,84.97650909423828,116.22132110595705,116.22132110595705,7.628504753112793,10.780599594116213,200.77658081054688
5,central,GRUPlus,20,c,60.742435455322266,73.62960815429688,73.62960815429688,5.892236232757568,8.580769538879395,2463.27734375
6,central,LSTM,30,a,121.07337951660156,253.0899353027344,253.0899353027344,10.701414108276367,15.90880012512207,258.4685974121094
6,central,gMLP,15,a,75.17562103271484,111.66155242919922,111.66155242919922,7.123059272766113,10.56700325012207,167.75523376464844
6,central,InceptionTime,15,a,234.3915557861328,256.6959533691406,256.6959533691406,10.551795959472656,16.021732330322266,317.7468566894531
6,central,TSTPlus,20,a,78.46772766113281,212.0204162597656,212.0204162597656,10.088980674743652,14.560921669006348,247.11390686035156
6,central,GRUPlus,20,a,121.55797576904295,141.06236267089844,141.06236267089844,7.006791114807129,11.876967430114746,280.8025817871094
6,central,LSTM,30,b,53.269569396972656,62.568946838378906,62.568946838378906,5.048391342163086,7.91005277633667,120.91415405273438
6,central,gMLP,15,b,56.20559310913086,60.29487991333008,60.29487991333008,5.028522491455078,7.76497745513916,83.87323760986328
6,central,InceptionTime,15,b,94.0622100830078,113.46531677246094,113.46531677246094,7.644684314727783,10.652009963989258,199.0496368408203
6,central,TSTPlus,20,b,36.40632629394531,79.76648712158203,79.76648712158203,6.527456283569336,8.931208610534668,102.73947143554688
6,central,GRUPlus,20,b,64.18447875976562,68.6131820678711,68.6131820678711,5.09429407119751,8.283306121826172,128.4121551513672
6,central,LSTM,30,c,53.09994888305664,71.77989196777344,71.77989196777344,5.978930473327637,8.472301483154297,869.8984375
6,central,gMLP,15,c,62.40834426879883,69.18680572509766,69.18680572509766,5.901812553405762,8.317861557006836,2433.0869140625
6,central,InceptionTime,15,c,60.62370300292969,123.8896713256836,123.8896713256836,7.163401126861572,11.130574226379396,440.42584228515625
6,central,TSTPlus,20,c,87.38468170166016,92.41592407226562,92.41592407226562,6.597315311431885,9.613321304321287,175.01734924316406
6,central,GRUPlus,20,c,59.44073486328125,70.8606948852539,70.8606948852539,5.788223743438721,8.417879104614258,2412.06787109375
7,central,LSTM,30,a,113.4231414794922,135.88037109375,135.88037109375,6.908697605133057,11.656773567199709,232.4344940185547
7,central,gMLP,15,a,66.56938171386719,125.5157241821289,125.5157241821289,6.365046501159668,11.203380584716797,10790.8974609375
7,central,InceptionTime,15,a,237.6144256591797,324.968505859375,324.968505859375,12.682679176330566,18.026884078979492,54851364.0
7,central,TSTPlus,20,a,104.2900390625,165.49581909179688,165.49581909179688,9.33025360107422,12.864517211914062,11553233920.0
7,central,GRUPlus,20,a,119.32747650146484,132.87538146972656,132.87538146972656,6.667270183563232,11.5271577835083,170.47691345214844
7,central,LSTM,30,b,56.22590637207031,67.74488067626953,67.74488067626953,5.232084274291992,8.230729103088379,98.23112487792967
7,central,gMLP,15,b,55.768280029296875,58.995479583740234,58.995479583740234,4.941690921783447,7.680851936340332,73.13357543945312
7,central,InceptionTime,15,b,66.53175354003906,116.9495849609375,116.9495849609375,7.087677478790283,10.814323425292969,140.27418518066406
7,central,TSTPlus,20,b,41.58951950073242,77.32532501220703,77.32532501220703,6.09419584274292,8.793481826782227,83.2026596069336
7,central,GRUPlus,20,b,61.26626205444336,67.55236053466797,67.55236053466797,5.0721564292907715,8.219023704528809,74.54998016357422
7,central,LSTM,30,c,61.9338493347168,73.69004821777344,73.69004821777344,5.8990478515625,8.584291458129883,110.73361206054688
7,central,gMLP,15,c,62.858856201171875,76.31733703613281,76.31733703613281,6.0226640701293945,8.735979080200195,96.75926208496094
7,central,InceptionTime,15,c,138.89706420898438,116.15641021728516,116.15641021728516,7.989638805389404,10.777587890625,240.8371124267578
7,central,TSTPlus,20,c,55.07999038696289,100.06501007080078,100.06501007080078,7.572927951812744,10.003250122070312,288012.90625
7,central,GRUPlus,20,c,59.66594696044922,73.56571197509766,73.56571197509766,5.942376613616943,8.577045440673828,75.80330657958984
8,central,LSTM,30,a,121.52181243896484,152.28790283203125,152.28790283203125,7.103021621704102,12.340497970581056,231.36328125
8,central,gMLP,15,a,84.66403198242188,113.5482940673828,113.5482940673828,6.52573823928833,10.655902862548828,10569.5576171875
8,central,InceptionTime,15,a,300.8874816894531,238.91555786132812,238.91555786132812,10.871438026428224,15.456892013549805,10542386.0
8,central,TSTPlus,20,a,112.67010498046876,187.16912841796875,187.16912841796875,9.654492378234863,13.680977821350098,13006883840.0
8,central,GRUPlus,20,a,122.7638702392578,135.70912170410156,135.70912170410156,6.9857330322265625,11.649425506591797,188.73338317871097
8,central,LSTM,30,b,60.121097564697266,66.01219177246094,66.01219177246094,5.2594313621521,8.124787330627441,102.0564422607422
8,central,gMLP,15,b,48.013160705566406,62.43807601928711,62.43807601928711,4.957457542419434,7.901777267456055,84.04716491699219
8,central,InceptionTime,15,b,73.07512664794922,156.42979431152344,156.42979431152344,8.680756568908691,12.50718879699707,280.7561340332031
8,central,TSTPlus,20,b,36.113037109375,81.13959503173828,81.13959503173828,6.710054874420166,9.007753372192385,99.7781219482422
8,central,GRUPlus,20,b,63.268985748291016,65.2958755493164,65.2958755493164,4.947535514831543,8.080585479736328,74.30382537841797
8,central,LSTM,30,c,55.74853515625,78.53963470458984,78.53963470458984,6.333189487457275,8.862259864807129,109.6515655517578
8,central,gMLP,15,c,62.92064666748047,66.5206069946289,66.5206069946289,5.962150573730469,8.156017303466797,70.92744445800781
8,central,InceptionTime,15,c,118.11068725585938,159.0254364013672,159.0254364013672,10.3524751663208,12.610527992248535,139.91323852539062
8,central,TSTPlus,20,c,72.36997985839844,137.8695831298828,137.8695831298828,8.224926948547363,11.741787910461426,56946.484375
8,central,GRUPlus,20,c,60.26582336425781,74.45599365234375,74.45599365234375,5.9332594871521,8.628788948059082,77.38880157470703
9,central,LSTM,30,a,102.8631362915039,144.7602081298828,144.7602081298828,7.205015659332275,12.031634330749512,216.7089080810547
9,central,gMLP,15,a,70.34959411621094,110.6939697265625,110.6939697265625,6.86463737487793,10.521120071411133,10656.185546875
9,central,InceptionTime,15,a,237.12269592285156,244.50970458984375,244.50970458984375,10.486213684082031,15.636808395385742,35876520.0
9,central,TSTPlus,20,a,89.69729614257812,296.12890625,296.12890625,11.24472999572754,17.208396911621094,10020817920.0
9,central,GRUPlus,20,a,118.1444091796875,148.72265625,148.72265625,7.4865217208862305,12.195191383361816,206.021484375
9,central,LSTM,30,b,57.10521697998047,62.16238021850586,62.16238021850586,4.901028156280518,7.884313106536865,87.1776351928711
9,central,gMLP,15,b,55.07841110229492,61.820953369140625,61.820953369140625,5.023922443389893,7.862630367279053,85.85380554199219
9,central,InceptionTime,15,b,58.234317779541016,197.1415100097656,197.1415100097656,11.144718170166016,14.040709495544434,164.1155242919922
9,central,TSTPlus,20,b,29.095685958862305,81.19169616699219,81.19169616699219,6.523633003234863,9.01064395904541,110.69744110107422
9,central,GRUPlus,20,b,61.7853889465332,67.5954360961914,67.5954360961914,5.050719261169434,8.221644401550293,74.54883575439453
9,central,LSTM,30,c,56.83683776855469,70.60581970214844,70.60581970214844,5.942206382751465,8.402726173400879,69.37284851074219
9,central,gMLP,15,c,56.161861419677734,70.65856170654297,70.65856170654297,6.019045352935791,8.405864715576172,72.93270874023438
9,central,InceptionTime,15,c,126.6143569946289,96.96014404296876,96.96014404296876,6.9508795738220215,9.846834182739258,269.30718994140625
9,central,TSTPlus,20,c,45.44321823120117,95.00904846191406,95.00904846191406,7.157824516296387,9.747258186340332,152505.53125
9,central,GRUPlus,20,c,60.67413711547851,75.13825225830078,75.13825225830078,5.97020959854126,8.668231964111328,74.18417358398438
10,central,LSTM,30,a,98.9600830078125,259.77972412109375,259.77972412109375,10.090123176574709,16.117685317993164,514.0548706054688
10,central,gMLP,15,a,68.55841064453125,93.48787689208984,93.48787689208984,5.943235397338867,9.668912887573242,15200.1103515625
10,central,InceptionTime,15,a,193.6255645751953,258.2106628417969,258.2106628417969,10.399909973144531,16.06893539428711,7809560.5
10,central,TSTPlus,20,a,72.83182525634766,225.6937255859375,225.6937255859375,10.954684257507324,15.023106575012209,45440774144.0
10,central,GRUPlus,20,a,122.15513610839844,131.6609344482422,131.6609344482422,6.562989234924316,11.474359512329102,170.29957580566406
10,central,LSTM,30,b,55.14993667602539,60.2261848449707,60.2261848449707,4.810543537139893,7.760552406311035,78.60366821289062
10,central,gMLP,15,b,53.698768615722656,56.33560562133789,56.33560562133789,4.7683024406433105,7.505704879760742,74.16918182373047
10,central,InceptionTime,15,b,70.52692413330078,102.07416534423828,102.07416534423828,7.201819896697998,10.103175163269045,131.17567443847656
10,central,TSTPlus,20,b,38.22121047973633,111.08396911621094,111.08396911621094,8.107779502868652,10.539636611938477,114.61672973632812
10,central,GRUPlus,20,b,64.64411926269531,69.40419006347656,69.40419006347656,5.151661396026611,8.330917358398438,75.77012634277344
10,central,LSTM,30,c,65.8810806274414,73.17760467529297,73.17760467529297,5.870246410369873,8.554390907287598,77.2454605102539
10,central,gMLP,15,c,57.588653564453125,63.80984115600586,63.80984115600586,5.699741840362549,7.9881062507629395,71.40138244628906
10,central,InceptionTime,15,c,83.62723541259766,103.8795166015625,103.8795166015625,7.568211078643799,10.192130088806152,688.4706420898438
10,central,TSTPlus,20,c,58.878292083740234,102.88053894042967,102.88053894042967,7.613306522369385,10.14300537109375,317202.40625
10,central,GRUPlus,20,c,60.55649948120117,74.00387573242188,74.00387573242188,5.959083557128906,8.602550506591797,71.68968200683594
1,dec-sim,LSTM,5,a,189.47449493408203,177.82892608642578,177.82892608642578,8.635905742645264,13.074442386627195,254.0707550048828
1,dec-sim,LSTM,5,b,189.47449493408203,177.82892608642578,177.82892608642578,8.635905742645264,13.074442386627195,118.91954803466797
1,dec-sim,LSTM,5,c,189.47449493408203,177.82892608642578,177.82892608642578,8.635905742645264,13.074442386627195,870.4423217773438
1,dec-sim,gMLP,5,a,103.00048065185548,147.70270919799805,147.70270919799805,8.129766702651978,11.803444385528564,206.5625762939453
1,dec-sim,gMLP,5,b,103.00048065185548,147.70270919799805,147.70270919799805,8.129766702651978,11.803444385528564,90.89830780029297
1,dec-sim,gMLP,5,c,103.00048065185548,147.70270919799805,147.70270919799805,8.129766702651978,11.803444385528564,6911.6533203125
1,dec-sim,InceptionTime,5,a,178.5302963256836,518.8757629394531,518.8757629394531,18.897669792175293,22.6992769241333,614.4246826171875
1,dec-sim,InceptionTime,5,b,178.5302963256836,518.8757629394531,518.8757629394531,18.897669792175293,22.6992769241333,594.4141235351562
1,dec-sim,InceptionTime,5,c,178.5302963256836,518.8757629394531,518.8757629394531,18.897669792175293,22.6992769241333,114.13734436035156
1,dec-sim,TSTPlus,5,a,81.71653366088867,158.55272674560547,158.55272674560547,8.197393894195557,12.14577341079712,232.9441680908203
1,dec-sim,TSTPlus,5,b,81.71653366088867,158.55272674560547,158.55272674560547,8.197393894195557,12.14577341079712,98.17082214355469
1,dec-sim,TSTPlus,5,c,81.71653366088867,158.55272674560547,158.55272674560547,8.197393894195557,12.14577341079712,546.1801147460938
1,dec-sim,GRUPlus,5,a,187.6735992431641,186.8089904785156,186.8089904785156,8.469702959060669,13.36974811553955,268.4495544433594
1,dec-sim,GRUPlus,5,b,187.6735992431641,186.8089904785156,186.8089904785156,8.469702959060669,13.36974811553955,120.37319946289062
1,dec-sim,GRUPlus,5,c,187.6735992431641,186.8089904785156,186.8089904785156,8.469702959060669,13.36974811553955,2441.089599609375
2,dec-sim,LSTM,5,a,191.59746551513672,179.3611068725586,179.3611068725586,8.765764474868774,13.125056266784668,256.99005126953125
2,dec-sim,LSTM,5,b,191.59746551513672,179.3611068725586,179.3611068725586,8.765764474868774,13.125056266784668,118.6294403076172
2,dec-sim,LSTM,5,c,191.59746551513672,179.3611068725586,179.3611068725586,8.765764474868774,13.125056266784668,870.2969360351562
2,dec-sim,gMLP,5,a,99.51038360595705,110.95949172973631,110.95949172973631,6.800405502319336,10.410392761230469,142.64027404785156
2,dec-sim,gMLP,5,b,99.51038360595705,110.95949172973631,110.95949172973631,6.800405502319336,10.410392761230469,86.34407043457031
2,dec-sim,gMLP,5,c,99.51038360595705,110.95949172973631,110.95949172973631,6.800405502319336,10.410392761230469,4652.88720703125
2,dec-sim,InceptionTime,5,a,117.79341888427734,472.3035430908203,472.3035430908203,18.010353088378906,21.727452278137207,462.1200866699219
2,dec-sim,InceptionTime,5,b,117.79341888427734,472.3035430908203,472.3035430908203,18.010353088378906,21.727452278137207,399.0544128417969
2,dec-sim,InceptionTime,5,c,117.79341888427734,472.3035430908203,472.3035430908203,18.010353088378906,21.727452278137207,163.9017791748047
2,dec-sim,TSTPlus,5,a,78.8310775756836,188.6653938293457,188.6653938293457,8.427579164505005,13.209267616271973,452.7935791015625
2,dec-sim,TSTPlus,5,b,78.8310775756836,188.6653938293457,188.6653938293457,8.427579164505005,13.209267616271973,105.61241912841795
2,dec-sim,TSTPlus,5,c,78.8310775756836,188.6653938293457,188.6653938293457,8.427579164505005,13.209267616271973,262.3724670410156
2,dec-sim,GRUPlus,5,a,181.67832565307617,184.51126098632812,184.51126098632812,8.388927221298218,13.288916110992432,265.0806884765625
2,dec-sim,GRUPlus,5,b,181.67832565307617,184.51126098632812,184.51126098632812,8.388927221298218,13.288916110992432,119.78430938720705
2,dec-sim,GRUPlus,5,c,181.67832565307617,184.51126098632812,184.51126098632812,8.388927221298218,13.288916110992432,2398.70947265625
3,dec-sim,LSTM,5,a,199.62970352172852,184.4540748596191,184.4540748596191,8.720160484313965,13.311246871948242,263.3214416503906
3,dec-sim,LSTM,5,b,199.62970352172852,184.4540748596191,184.4540748596191,8.720160484313965,13.311246871948242,121.44993591308594
3,dec-sim,LSTM,5,c,199.62970352172852,184.4540748596191,184.4540748596191,8.720160484313965,13.311246871948242,862.520751953125
3,dec-sim,gMLP,5,a,105.51602554321288,133.17041778564453,133.17041778564453,7.3135316371917725,11.205749034881592,190.15757751464844
3,dec-sim,gMLP,5,b,105.51602554321288,133.17041778564453,133.17041778564453,7.3135316371917725,11.205749034881592,80.56623077392578
3,dec-sim,gMLP,5,c,105.51602554321288,133.17041778564453,133.17041778564453,7.3135316371917725,11.205749034881592,1713.7816162109375
3,dec-sim,InceptionTime,5,a,152.57317733764648,461.5784301757813,461.5784301757813,16.02460479736328,19.402717113494873,665.0719604492188
3,dec-sim,InceptionTime,5,b,152.57317733764648,461.5784301757813,461.5784301757813,16.02460479736328,19.402717113494873,672.4781494140625
3,dec-sim,InceptionTime,5,c,152.57317733764648,461.5784301757813,461.5784301757813,16.02460479736328,19.402717113494873,299.1758117675781
3,dec-sim,TSTPlus,5,a,97.99897003173828,187.16587829589844,187.16587829589844,9.026644229888916,13.341894149780272,245.45692443847656
3,dec-sim,TSTPlus,5,b,97.99897003173828,187.16587829589844,187.16587829589844,9.026644229888916,13.341894149780272,106.2206039428711
3,dec-sim,TSTPlus,5,c,97.99897003173828,187.16587829589844,187.16587829589844,9.026644229888916,13.341894149780272,205.12832641601562
3,dec-sim,GRUPlus,5,a,183.25070190429688,187.0216827392578,187.0216827392578,8.42543649673462,13.368526458740234,269.26910400390625
3,dec-sim,GRUPlus,5,b,183.25070190429688,187.0216827392578,187.0216827392578,8.42543649673462,13.368526458740234,119.74232482910156
3,dec-sim,GRUPlus,5,c,183.25070190429688,187.0216827392578,187.0216827392578,8.42543649673462,13.368526458740234,2464.512451171875
4,dec-sim,LSTM,5,a,199.3506317138672,185.95882415771484,185.95882415771484,8.696955919265747,13.366021156311035,265.15948486328125
4,dec-sim,LSTM,5,b,199.3506317138672,185.95882415771484,185.95882415771484,8.696955919265747,13.366021156311035,122.25597381591797
4,dec-sim,LSTM,5,c,199.3506317138672,185.95882415771484,185.95882415771484,8.696955919265747,13.366021156311035,865.3606567382812
4,dec-sim,gMLP,5,a,103.83209609985352,142.46248245239258,142.46248245239258,8.118826150894165,11.726909637451172,186.5744171142578
4,dec-sim,gMLP,5,b,103.83209609985352,142.46248245239258,142.46248245239258,8.118826150894165,11.726909637451172,103.5661849975586
4,dec-sim,gMLP,5,c,103.83209609985352,142.46248245239258,142.46248245239258,8.118826150894165,11.726909637451172,6100.9619140625
4,dec-sim,InceptionTime,5,a,155.99159240722656,381.53870391845703,381.53870391845703,16.15607500076294,19.041807651519775,519.1220092773438
4,dec-sim,InceptionTime,5,b,155.99159240722656,381.53870391845703,381.53870391845703,16.15607500076294,19.041807651519775,318.0918273925781
4,dec-sim,InceptionTime,5,c,155.99159240722656,381.53870391845703,381.53870391845703,16.15607500076294,19.041807651519775,232.58335876464844
4,dec-sim,TSTPlus,5,a,94.67141723632812,147.90043258666992,147.90043258666992,8.036726713180542,11.895619869232178,268.2494812011719
4,dec-sim,TSTPlus,5,b,94.67141723632812,147.90043258666992,147.90043258666992,8.036726713180542,11.895619869232178,109.77385711669922
4,dec-sim,TSTPlus,5,c,94.67141723632812,147.90043258666992,147.90043258666992,8.036726713180542,11.895619869232178,323.5948791503906
4,dec-sim,GRUPlus,5,a,184.84644317626953,183.25690841674805,183.25690841674805,8.4694664478302,13.256537437438965,262.5887451171875
4,dec-sim,GRUPlus,5,b,184.84644317626953,183.25690841674805,183.25690841674805,8.4694664478302,13.256537437438965,120.59342956542969
4,dec-sim,GRUPlus,5,c,184.84644317626953,183.25690841674805,183.25690841674805,8.4694664478302,13.256537437438965,2466.37353515625
5,dec-sim,LSTM,5,a,197.84500122070312,184.91548919677737,184.91548919677737,8.498511552810669,13.294096946716309,267.29937744140625
5,dec-sim,LSTM,5,b,197.84500122070312,184.91548919677737,184.91548919677737,8.498511552810669,13.294096946716309,116.18431091308594
5,dec-sim,LSTM,5,c,197.84500122070312,184.91548919677737,184.91548919677737,8.498511552810669,13.294096946716309,862.8327026367188
5,dec-sim,gMLP,5,a,106.96084976196288,116.71711730957033,116.71711730957033,6.9523680210113525,10.630639553070068,155.58705139160156
5,dec-sim,gMLP,5,b,106.96084976196288,116.71711730957033,116.71711730957033,6.9523680210113525,10.630639553070068,81.87399291992188
5,dec-sim,gMLP,5,c,106.96084976196288,116.71711730957033,116.71711730957033,6.9523680210113525,10.630639553070068,1472.423828125
5,dec-sim,InceptionTime,5,a,118.5581512451172,506.2721710205078,506.2721710205078,17.439648151397705,22.500344276428223,468.5278015136719
5,dec-sim,InceptionTime,5,b,118.5581512451172,506.2721710205078,506.2721710205078,17.439648151397705,22.500344276428223,457.8476867675781
5,dec-sim,InceptionTime,5,c,118.5581512451172,506.2721710205078,506.2721710205078,17.439648151397705,22.500344276428223,169.95474243164062
5,dec-sim,TSTPlus,5,a,83.99525833129883,166.07442092895508,166.07442092895508,8.697125434875488,12.452919960021973,266.86956787109375
5,dec-sim,TSTPlus,5,b,83.99525833129883,166.07442092895508,166.07442092895508,8.697125434875488,12.452919960021973,115.73435974121094
5,dec-sim,TSTPlus,5,c,83.99525833129883,166.07442092895508,166.07442092895508,8.697125434875488,12.452919960021973,200.77658081054688
5,dec-sim,GRUPlus,5,a,175.03630447387695,181.5840759277344,181.5840759277344,8.365442514419556,13.195775508880615,259.302734375
5,dec-sim,GRUPlus,5,b,175.03630447387695,181.5840759277344,181.5840759277344,8.365442514419556,13.195775508880615,120.45174407958984
5,dec-sim,GRUPlus,5,c,175.03630447387695,181.5840759277344,181.5840759277344,8.365442514419556,13.195775508880615,2463.27734375
6,dec-sim,LSTM,5,a,191.40031051635745,180.9864730834961,180.9864730834961,8.697735786437988,13.190183639526367,258.4685974121094
6,dec-sim,LSTM,5,b,191.40031051635745,180.9864730834961,180.9864730834961,8.697735786437988,13.190183639526367,120.91415405273438
6,dec-sim,LSTM,5,c,191.40031051635745,180.9864730834961,180.9864730834961,8.697735786437988,13.190183639526367,869.8984375
6,dec-sim,gMLP,5,a,97.78419876098631,122.36560821533205,122.36560821533205,7.214874505996704,10.841426849365234,167.75523376464844
6,dec-sim,gMLP,5,b,97.78419876098631,122.36560821533205,122.36560821533205,7.214874505996704,10.841426849365234,83.87323760986328
6,dec-sim,gMLP,5,c,97.78419876098631,122.36560821533205,122.36560821533205,7.214874505996704,10.841426849365234,2433.0869140625
6,dec-sim,InceptionTime,5,a,121.78341674804688,295.9750213623047,295.9750213623047,12.51545238494873,17.1844425201416,317.7468566894531
6,dec-sim,InceptionTime,5,b,121.78341674804688,295.9750213623047,295.9750213623047,12.51545238494873,17.1844425201416,199.0496368408203
6,dec-sim,InceptionTime,5,c,121.78341674804688,295.9750213623047,295.9750213623047,12.51545238494873,17.1844425201416,440.42584228515625
6,dec-sim,TSTPlus,5,a,88.0669174194336,148.9903678894043,148.9903678894043,8.048157453536987,11.931215286254885,247.11390686035156
6,dec-sim,TSTPlus,5,b,88.0669174194336,148.9903678894043,148.9903678894043,8.048157453536987,11.931215286254885,102.73947143554688
6,dec-sim,TSTPlus,5,c,88.0669174194336,148.9903678894043,148.9903678894043,8.048157453536987,11.931215286254885,175.01734924316406
6,dec-sim,GRUPlus,5,a,203.37510299682617,198.4351272583008,198.4351272583008,8.776082038879395,13.805941581726074,280.8025817871094
6,dec-sim,GRUPlus,5,b,203.37510299682617,198.4351272583008,198.4351272583008,8.776082038879395,13.805941581726074,128.4121551513672
6,dec-sim,GRUPlus,5,c,203.37510299682617,198.4351272583008,198.4351272583008,8.776082038879395,13.805941581726074,2412.06787109375
7,dec-sim,LSTM,5,a,192.0313835144043,177.49560546875,177.49560546875,8.693910598754883,13.075323581695557,250.91357421875
7,dec-sim,LSTM,5,b,192.0313835144043,177.49560546875,177.49560546875,8.693910598754883,13.075323581695557,120.46399688720703
7,dec-sim,LSTM,5,c,192.0313835144043,177.49560546875,177.49560546875,8.693910598754883,13.075323581695557,875.0282592773438
7,dec-sim,gMLP,5,a,93.42941665649414,117.63259506225586,117.63259506225586,6.900623083114624,10.616576671600342,162.3070526123047
7,dec-sim,gMLP,5,b,93.42941665649414,117.63259506225586,117.63259506225586,6.900623083114624,10.616576671600342,83.9415283203125
7,dec-sim,gMLP,5,c,93.42941665649414,117.63259506225586,117.63259506225586,6.900623083114624,10.616576671600342,1662.0684814453125
7,dec-sim,InceptionTime,5,a,122.57872009277344,460.7199249267578,460.7199249267578,17.72069215774536,21.433615684509277,380.5170593261719
7,dec-sim,InceptionTime,5,b,122.57872009277344,460.7199249267578,460.7199249267578,17.72069215774536,21.433615684509277,421.2787780761719
7,dec-sim,InceptionTime,5,c,122.57872009277344,460.7199249267578,460.7199249267578,17.72069215774536,21.433615684509277,215.27452087402344
7,dec-sim,TSTPlus,5,a,80.65359497070312,151.25059509277344,151.25059509277344,8.302346467971802,12.003743171691896,232.07095336914062
7,dec-sim,TSTPlus,5,b,80.65359497070312,151.25059509277344,151.25059509277344,8.302346467971802,12.003743171691896,105.69480895996094
7,dec-sim,TSTPlus,5,c,80.65359497070312,151.25059509277344,151.25059509277344,8.302346467971802,12.003743171691896,278.74346923828125
7,dec-sim,GRUPlus,5,a,176.33470153808594,183.01263046264648,183.01263046264648,8.403156042098999,13.24342679977417,262.0277099609375
7,dec-sim,GRUPlus,5,b,176.33470153808594,183.01263046264648,183.01263046264648,8.403156042098999,13.24342679977417,120.9053726196289
7,dec-sim,GRUPlus,5,c,176.33470153808594,183.01263046264648,183.01263046264648,8.403156042098999,13.24342679977417,2517.033447265625
8,dec-sim,LSTM,5,a,195.13114547729492,180.13950729370117,180.13950729370117,8.631985902786255,13.126210689544678,261.0082092285156
8,dec-sim,LSTM,5,b,195.13114547729492,180.13950729370117,180.13950729370117,8.631985902786255,13.126210689544678,117.36012268066406
8,dec-sim,LSTM,5,c,195.13114547729492,180.13950729370117,180.13950729370117,8.631985902786255,13.126210689544678,877.7022705078125
8,dec-sim,gMLP,5,a,102.03525924682616,157.3949432373047,157.3949432373047,8.72337293624878,12.334716796875,204.70127868652344
8,dec-sim,gMLP,5,b,102.03525924682616,157.3949432373047,157.3949432373047,8.72337293624878,12.334716796875,118.26783752441406
8,dec-sim,gMLP,5,c,102.03525924682616,157.3949432373047,157.3949432373047,8.72337293624878,12.334716796875,4192.6181640625
8,dec-sim,InceptionTime,5,a,118.45029830932616,293.7580795288086,293.7580795288086,12.181604385375977,16.763505935668945,355.0202941894531
8,dec-sim,InceptionTime,5,b,118.45029830932616,293.7580795288086,293.7580795288086,12.181604385375977,16.763505935668945,218.63131713867188
8,dec-sim,InceptionTime,5,c,118.45029830932616,293.7580795288086,293.7580795288086,12.181604385375977,16.763505935668945,130.4631805419922
8,dec-sim,TSTPlus,5,a,78.04334259033203,176.83285903930664,176.83285903930664,8.336140871047974,12.806064128875732,322.59210205078125
8,dec-sim,TSTPlus,5,b,78.04334259033203,176.83285903930664,176.83285903930664,8.336140871047974,12.806064128875732,106.24694061279297
8,dec-sim,TSTPlus,5,c,78.04334259033203,176.83285903930664,176.83285903930664,8.336140871047974,12.806064128875732,368.62677001953125
8,dec-sim,GRUPlus,5,a,175.18750762939453,178.06922912597656,178.06922912597656,8.4451425075531,13.074071884155272,254.0553436279297
8,dec-sim,GRUPlus,5,b,175.18750762939453,178.06922912597656,178.06922912597656,8.4451425075531,13.074071884155272,118.9599838256836
8,dec-sim,GRUPlus,5,c,175.18750762939453,178.06922912597656,178.06922912597656,8.4451425075531,13.074071884155272,2382.939208984375
9,dec-sim,LSTM,5,a,198.2349853515625,187.27575302124023,187.27575302124023,8.669795989990234,13.423173427581789,265.13946533203125
9,dec-sim,LSTM,5,b,198.2349853515625,187.27575302124023,187.27575302124023,8.669795989990234,13.423173427581789,124.19141387939453
9,dec-sim,LSTM,5,c,198.2349853515625,187.27575302124023,187.27575302124023,8.669795989990234,13.423173427581789,863.5774536132812
9,dec-sim,gMLP,5,a,106.8322525024414,122.9780731201172,122.9780731201172,7.027843713760376,10.899208545684814,179.29823303222656
9,dec-sim,gMLP,5,b,106.8322525024414,122.9780731201172,122.9780731201172,7.027843713760376,10.899208545684814,84.5216293334961
9,dec-sim,gMLP,5,c,106.8322525024414,122.9780731201172,122.9780731201172,7.027843713760376,10.899208545684814,2318.561767578125
9,dec-sim,InceptionTime,5,a,184.97103118896484,365.6390571594238,365.6390571594238,13.78900384902954,17.862327098846436,332.4208984375
9,dec-sim,InceptionTime,5,b,184.97103118896484,365.6390571594238,365.6390571594238,13.78900384902954,17.862327098846436,361.1278076171875
9,dec-sim,InceptionTime,5,c,184.97103118896484,365.6390571594238,365.6390571594238,13.78900384902954,17.862327098846436,311.4001770019531
9,dec-sim,TSTPlus,5,a,80.59175109863281,193.72214889526367,193.72214889526367,8.96626615524292,13.510340213775637,293.9657897949219
9,dec-sim,TSTPlus,5,b,80.59175109863281,193.72214889526367,193.72214889526367,8.96626615524292,13.510340213775637,116.83391571044922
9,dec-sim,TSTPlus,5,c,80.59175109863281,193.72214889526367,193.72214889526367,8.96626615524292,13.510340213775637,521.137939453125
9,dec-sim,GRUPlus,5,a,179.09296798706055,182.80370330810547,182.80370330810547,8.386662244796753,13.232173919677734,261.4473876953125
9,dec-sim,GRUPlus,5,b,179.09296798706055,182.80370330810547,182.80370330810547,8.386662244796753,13.232173919677734,119.99810028076172
9,dec-sim,GRUPlus,5,c,179.09296798706055,182.80370330810547,182.80370330810547,8.386662244796753,13.232173919677734,2519.330810546875
10,dec-sim,LSTM,5,a,196.08162689208984,181.15277099609375,181.15277099609375,8.758000612258911,13.19734811782837,257.9339294433594
10,dec-sim,LSTM,5,b,196.08162689208984,181.15277099609375,181.15277099609375,8.758000612258911,13.19734811782837,120.86672973632812
10,dec-sim,LSTM,5,c,196.08162689208984,181.15277099609375,181.15277099609375,8.758000612258911,13.19734811782837,871.9661254882812
10,dec-sim,gMLP,5,a,104.1046905517578,134.7879524230957,134.7879524230957,7.339601278305054,11.27445650100708,193.402099609375
10,dec-sim,gMLP,5,b,104.1046905517578,134.7879524230957,134.7879524230957,7.339601278305054,11.27445650100708,81.72824096679688
10,dec-sim,gMLP,5,c,104.1046905517578,134.7879524230957,134.7879524230957,7.339601278305054,11.27445650100708,4577.73486328125
10,dec-sim,InceptionTime,5,a,115.49847030639648,527.3083038330078,527.3083038330078,19.164978981018063,22.849831581115723,612.9343872070312
10,dec-sim,InceptionTime,5,b,115.49847030639648,527.3083038330078,527.3083038330078,19.164978981018063,22.849831581115723,423.265625
10,dec-sim,InceptionTime,5,c,115.49847030639648,527.3083038330078,527.3083038330078,19.164978981018063,22.849831581115723,173.96461486816406
10,dec-sim,TSTPlus,5,a,85.58932495117188,164.18609619140625,164.18609619140625,8.733171224594116,12.465434551239014,268.4374084472656
10,dec-sim,TSTPlus,5,b,85.58932495117188,164.18609619140625,164.18609619140625,8.733171224594116,12.465434551239014,133.21392822265625
10,dec-sim,TSTPlus,5,c,85.58932495117188,164.18609619140625,164.18609619140625,8.733171224594116,12.465434551239014,464.9663391113281
10,dec-sim,GRUPlus,5,a,173.30915069580078,176.61268997192383,176.61268997192383,8.399988174438477,13.029043197631836,250.64352416992188
10,dec-sim,GRUPlus,5,b,173.30915069580078,176.61268997192383,176.61268997192383,8.399988174438477,13.029043197631836,119.5478286743164
10,dec-sim,GRUPlus,5,c,173.30915069580078,176.61268997192383,176.61268997192383,8.399988174438477,13.029043197631836,2489.146240234375