Decision,Prediction,
CHOOSE_LARGER_CLUSTER,50.32494354248047,
KEEP_CURRENT_CLUSTER,32.09840774536133,
CHOOSE_LARGER_CLUSTER,45.09723663330078,
KEEP_CURRENT_CLUSTER,25.89320182800293,
KEEP_CURRENT_CLUSTER,30.009624481201172,
KEEP_CURRENT_CLUSTER,33.329524993896484,
KEEP_CURRENT_CLUSTER,37.04127883911133,
KEEP_CURRENT_CLUSTER,24.201610565185547,
KEEP_CURRENT_CLUSTER,35.67009735107422,
KEEP_CURRENT_CLUSTER,35.69441604614258,
KEEP_CURRENT_CLUSTER,35.04481506347656,
KEEP_CURRENT_CLUSTER,34.561927795410156,
KEEP_CURRENT_CLUSTER,35.80225372314453,
KEEP_CURRENT_CLUSTER,37.702091217041016,
KEEP_CURRENT_CLUSTER,23.821760177612305,
CHOOSE_LARGER_CLUSTER,50.20823287963867,
KEEP_CURRENT_CLUSTER,23.260822296142578,
KEEP_CURRENT_CLUSTER,36.65739059448242,
KEEP_CURRENT_CLUSTER,17.970436096191406,
KEEP_CURRENT_CLUSTER,31.73249626159668,
KEEP_CURRENT_CLUSTER,33.797996520996094,
KEEP_CURRENT_CLUSTER,28.745676040649414,
KEEP_CURRENT_CLUSTER,33.55812454223633,
KEEP_CURRENT_CLUSTER,31.66782569885254,
KEEP_CURRENT_CLUSTER,34.956180572509766,
KEEP_CURRENT_CLUSTER,28.780406951904297,
KEEP_CURRENT_CLUSTER,35.6859130859375,
KEEP_CURRENT_CLUSTER,34.62455749511719,
KEEP_CURRENT_CLUSTER,34.60380172729492,
KEEP_CURRENT_CLUSTER,31.546613693237305,
KEEP_CURRENT_CLUSTER,39.121856689453125,
CHOOSE_LARGER_CLUSTER,57.154762268066406,
KEEP_CURRENT_CLUSTER,37.888389587402344,
KEEP_CURRENT_CLUSTER,21.66826820373535,
KEEP_CURRENT_CLUSTER,31.873668670654297,
KEEP_CURRENT_CLUSTER,35.95340347290039,
KEEP_CURRENT_CLUSTER,35.893619537353516,
KEEP_CURRENT_CLUSTER,33.4610481262207,
KEEP_CURRENT_CLUSTER,33.488773345947266,
KEEP_CURRENT_CLUSTER,35.464515686035156,
KEEP_CURRENT_CLUSTER,32.03750228881836,
KEEP_CURRENT_CLUSTER,30.421518325805664,
KEEP_CURRENT_CLUSTER,28.996726989746094,
KEEP_CURRENT_CLUSTER,34.586280822753906,
KEEP_CURRENT_CLUSTER,28.26288604736328,
CHOOSE_LARGER_CLUSTER,42.567283630371094,
CHOOSE_LARGER_CLUSTER,45.673545837402344,
CHOOSE_LARGER_CLUSTER,45.10729217529297,
KEEP_CURRENT_CLUSTER,20.32406234741211,
KEEP_CURRENT_CLUSTER,33.013633728027344,
KEEP_CURRENT_CLUSTER,33.77227020263672,
KEEP_CURRENT_CLUSTER,33.30261993408203,
KEEP_CURRENT_CLUSTER,35.356693267822266,
KEEP_CURRENT_CLUSTER,35.785213470458984,
KEEP_CURRENT_CLUSTER,35.58662796020508,
KEEP_CURRENT_CLUSTER,33.76813888549805,
KEEP_CURRENT_CLUSTER,32.71338653564453,
KEEP_CURRENT_CLUSTER,36.12532043457031,
KEEP_CURRENT_CLUSTER,31.665353775024414,
KEEP_CURRENT_CLUSTER,27.927743911743164,
CHOOSE_LARGER_CLUSTER,42.36486053466797,
KEEP_CURRENT_CLUSTER,35.93477249145508,
CHOOSE_LARGER_CLUSTER,45.20005416870117,
KEEP_CURRENT_CLUSTER,21.32474708557129,
KEEP_CURRENT_CLUSTER,33.64192199707031,
KEEP_CURRENT_CLUSTER,35.225528717041016,
KEEP_CURRENT_CLUSTER,36.226585388183594,
KEEP_CURRENT_CLUSTER,35.307491302490234,
KEEP_CURRENT_CLUSTER,36.484474182128906,
KEEP_CURRENT_CLUSTER,35.16122055053711,
KEEP_CURRENT_CLUSTER,37.6616325378418,
KEEP_CURRENT_CLUSTER,24.72826385498047,
KEEP_CURRENT_CLUSTER,34.221675872802734,
KEEP_CURRENT_CLUSTER,33.861080169677734,
KEEP_CURRENT_CLUSTER,26.02152442932129,
CHOOSE_LARGER_CLUSTER,50.91508865356445,
KEEP_CURRENT_CLUSTER,32.13039016723633,
KEEP_CURRENT_CLUSTER,33.68918228149414,
KEEP_CURRENT_CLUSTER,29.15463638305664,
CHOOSE_LARGER_CLUSTER,42.8241081237793,
CHOOSE_LARGER_CLUSTER,43.34607696533203,
CHOOSE_LARGER_CLUSTER,40.303951263427734,
KEEP_CURRENT_CLUSTER,32.54902267456055,
KEEP_CURRENT_CLUSTER,30.07169532775879,
KEEP_CURRENT_CLUSTER,34.07400131225586,
KEEP_CURRENT_CLUSTER,28.235626220703125,
KEEP_CURRENT_CLUSTER,30.504053115844727,
CHOOSE_LARGER_CLUSTER,74.20359802246094,
KEEP_CURRENT_CLUSTER,34.90958023071289,
KEEP_CURRENT_CLUSTER,32.93437576293945,
KEEP_CURRENT_CLUSTER,35.47371292114258,
KEEP_CURRENT_CLUSTER,32.79496383666992,
KEEP_CURRENT_CLUSTER,33.97631072998047,
KEEP_CURRENT_CLUSTER,19.929624557495117,
KEEP_CURRENT_CLUSTER,19.853635787963867,
CHOOSE_LARGER_CLUSTER,61.55757141113281,
KEEP_CURRENT_CLUSTER,34.87945556640625,
KEEP_CURRENT_CLUSTER,14.690961837768555,
KEEP_CURRENT_CLUSTER,32.34962463378906,
KEEP_CURRENT_CLUSTER,38.99182891845703,
KEEP_CURRENT_CLUSTER,34.75803756713867,
KEEP_CURRENT_CLUSTER,34.722721099853516,
KEEP_CURRENT_CLUSTER,33.91178512573242,
KEEP_CURRENT_CLUSTER,27.05277442932129,
KEEP_CURRENT_CLUSTER,24.32961082458496,
KEEP_CURRENT_CLUSTER,34.904937744140625,
KEEP_CURRENT_CLUSTER,34.14384841918945,
KEEP_CURRENT_CLUSTER,30.268474578857422,
KEEP_CURRENT_CLUSTER,28.31977081298828,
CHOOSE_LARGER_CLUSTER,40.11647415161133,
KEEP_CURRENT_CLUSTER,39.103755950927734,
CHOOSE_LARGER_CLUSTER,43.91231918334961,
KEEP_CURRENT_CLUSTER,21.990310668945312,
KEEP_CURRENT_CLUSTER,28.324310302734375,
KEEP_CURRENT_CLUSTER,34.4936408996582,
KEEP_CURRENT_CLUSTER,35.3943977355957,
KEEP_CURRENT_CLUSTER,29.803260803222656,
KEEP_CURRENT_CLUSTER,34.61258316040039,
KEEP_CURRENT_CLUSTER,29.37818145751953,
KEEP_CURRENT_CLUSTER,30.26803970336914,
KEEP_CURRENT_CLUSTER,27.976924896240234,
KEEP_CURRENT_CLUSTER,34.59733963012695,
KEEP_CURRENT_CLUSTER,35.957157135009766,
KEEP_CURRENT_CLUSTER,27.389461517333984,
KEEP_CURRENT_CLUSTER,38.711463928222656,
KEEP_CURRENT_CLUSTER,32.27309799194336,
CHOOSE_LARGER_CLUSTER,44.570926666259766,
KEEP_CURRENT_CLUSTER,21.337390899658203,
KEEP_CURRENT_CLUSTER,34.74875259399414,
KEEP_CURRENT_CLUSTER,34.24167251586914,
KEEP_CURRENT_CLUSTER,32.5105094909668,
KEEP_CURRENT_CLUSTER,35.53291320800781,
KEEP_CURRENT_CLUSTER,34.162071228027344,
KEEP_CURRENT_CLUSTER,33.550498962402344,
KEEP_CURRENT_CLUSTER,34.8781623840332,
KEEP_CURRENT_CLUSTER,27.41047477722168,
KEEP_CURRENT_CLUSTER,30.465641021728516,
KEEP_CURRENT_CLUSTER,34.98184585571289,
KEEP_CURRENT_CLUSTER,24.520530700683594,
CHOOSE_LARGER_CLUSTER,45.62396240234375,
KEEP_CURRENT_CLUSTER,34.28337478637695,
CHOOSE_LARGER_CLUSTER,44.899810791015625,
KEEP_CURRENT_CLUSTER,21.74488067626953,
KEEP_CURRENT_CLUSTER,33.2318229675293,
KEEP_CURRENT_CLUSTER,34.310691833496094,
KEEP_CURRENT_CLUSTER,33.679054260253906,
KEEP_CURRENT_CLUSTER,28.298097610473633,
KEEP_CURRENT_CLUSTER,29.720949172973633,
KEEP_CURRENT_CLUSTER,27.947540283203125,
KEEP_CURRENT_CLUSTER,28.05270004272461,
KEEP_CURRENT_CLUSTER,33.57990646362305,
KEEP_CURRENT_CLUSTER,34.28197479248047,
KEEP_CURRENT_CLUSTER,36.929664611816406,
KEEP_CURRENT_CLUSTER,28.64868927001953,
CHOOSE_LARGER_CLUSTER,56.376399993896484,
KEEP_CURRENT_CLUSTER,28.721864700317383,
CHOOSE_LARGER_CLUSTER,44.011051177978516,
KEEP_CURRENT_CLUSTER,22.973312377929688,
KEEP_CURRENT_CLUSTER,34.59562301635742,
KEEP_CURRENT_CLUSTER,34.4407958984375,
KEEP_CURRENT_CLUSTER,34.863792419433594,
KEEP_CURRENT_CLUSTER,34.00829315185547,
KEEP_CURRENT_CLUSTER,35.8266716003418,
KEEP_CURRENT_CLUSTER,35.44930648803711,
KEEP_CURRENT_CLUSTER,35.764835357666016,
KEEP_CURRENT_CLUSTER,35.260189056396484,
KEEP_CURRENT_CLUSTER,35.268245697021484,
KEEP_CURRENT_CLUSTER,34.28005599975586,
KEEP_CURRENT_CLUSTER,28.804229736328125,
KEEP_CURRENT_CLUSTER,39.71926498413086,
KEEP_CURRENT_CLUSTER,39.55961608886719,
KEEP_CURRENT_CLUSTER,25.157079696655273,
KEEP_CURRENT_CLUSTER,26.504209518432617,
CHOOSE_LARGER_CLUSTER,44.82905960083008,
CHOOSE_LARGER_CLUSTER,48.6945915222168,
CHOOSE_LARGER_CLUSTER,45.180660247802734,
KEEP_CURRENT_CLUSTER,22.46668815612793,
KEEP_CURRENT_CLUSTER,33.893760681152344,
KEEP_CURRENT_CLUSTER,33.55058670043945,
KEEP_CURRENT_CLUSTER,33.20967102050781,
KEEP_CURRENT_CLUSTER,32.192264556884766,
KEEP_CURRENT_CLUSTER,35.18514633178711,
KEEP_CURRENT_CLUSTER,24.831586837768555,
KEEP_CURRENT_CLUSTER,29.881027221679688,
KEEP_CURRENT_CLUSTER,31.329296112060547,
KEEP_CURRENT_CLUSTER,28.934101104736328,
KEEP_CURRENT_CLUSTER,36.02666473388672,
KEEP_CURRENT_CLUSTER,28.335451126098633,
CHOOSE_LARGER_CLUSTER,40.975624084472656,
KEEP_CURRENT_CLUSTER,36.25905227661133,
CHOOSE_LARGER_CLUSTER,45.93320083618164,
KEEP_CURRENT_CLUSTER,23.518760681152344,
KEEP_CURRENT_CLUSTER,30.130578994750977,
KEEP_CURRENT_CLUSTER,33.887088775634766,
KEEP_CURRENT_CLUSTER,33.86458969116211,
KEEP_CURRENT_CLUSTER,34.305538177490234,
CHOOSE_LARGER_CLUSTER,73.20545959472656,
CHOOSE_LARGER_CLUSTER,62.14768981933594,
KEEP_CURRENT_CLUSTER,32.27827453613281,
KEEP_CURRENT_CLUSTER,31.34531021118164,
KEEP_CURRENT_CLUSTER,33.515995025634766,
KEEP_CURRENT_CLUSTER,30.667116165161133,
KEEP_CURRENT_CLUSTER,27.95924186706543,
KEEP_CURRENT_CLUSTER,39.50168228149414,
KEEP_CURRENT_CLUSTER,36.057430267333984,
CHOOSE_LARGER_CLUSTER,44.91968536376953,
KEEP_CURRENT_CLUSTER,25.79153823852539,
KEEP_CURRENT_CLUSTER,33.28843307495117,
KEEP_CURRENT_CLUSTER,29.616771697998047,
KEEP_CURRENT_CLUSTER,28.875011444091797,
KEEP_CURRENT_CLUSTER,35.2388916015625,
KEEP_CURRENT_CLUSTER,32.90218734741211,
KEEP_CURRENT_CLUSTER,28.208080291748047,
KEEP_CURRENT_CLUSTER,32.69208526611328,
KEEP_CURRENT_CLUSTER,30.239761352539062,
KEEP_CURRENT_CLUSTER,33.85509490966797,
KEEP_CURRENT_CLUSTER,35.7347526550293,
KEEP_CURRENT_CLUSTER,34.295867919921875,
KEEP_CURRENT_CLUSTER,20.695350646972656,
CHOOSE_LARGER_CLUSTER,42.212406158447266,
KEEP_CURRENT_CLUSTER,35.671112060546875,
KEEP_CURRENT_CLUSTER,20.520620346069336,
KEEP_CURRENT_CLUSTER,25.21778678894043,
KEEP_CURRENT_CLUSTER,33.967498779296875,
KEEP_CURRENT_CLUSTER,34.31867599487305,
KEEP_CURRENT_CLUSTER,33.650001525878906,
KEEP_CURRENT_CLUSTER,32.92137908935547,
KEEP_CURRENT_CLUSTER,32.914188385009766,
KEEP_CURRENT_CLUSTER,37.275421142578125,
KEEP_CURRENT_CLUSTER,30.661327362060547,
KEEP_CURRENT_CLUSTER,38.28603744506836,
KEEP_CURRENT_CLUSTER,33.98505783081055,
KEEP_CURRENT_CLUSTER,35.52240753173828,
KEEP_CURRENT_CLUSTER,39.78237533569336,
CHOOSE_LARGER_CLUSTER,48.8466682434082,
KEEP_CURRENT_CLUSTER,25.432279586791992,
KEEP_CURRENT_CLUSTER,33.1443977355957,
CHOOSE_LARGER_CLUSTER,65.72969055175781,
KEEP_CURRENT_CLUSTER,34.90003967285156,
KEEP_CURRENT_CLUSTER,34.98905944824219,
KEEP_CURRENT_CLUSTER,35.12775421142578,
KEEP_CURRENT_CLUSTER,34.63107681274414,
KEEP_CURRENT_CLUSTER,39.406742095947266,
KEEP_CURRENT_CLUSTER,32.2592887878418,
KEEP_CURRENT_CLUSTER,33.19751739501953,
KEEP_CURRENT_CLUSTER,31.1527156829834,
KEEP_CURRENT_CLUSTER,33.052913665771484,
KEEP_CURRENT_CLUSTER,35.54201889038086,
KEEP_CURRENT_CLUSTER,29.897478103637695,
CHOOSE_LARGER_CLUSTER,43.65616226196289,
KEEP_CURRENT_CLUSTER,31.80707359313965,
KEEP_CURRENT_CLUSTER,20.751113891601562,
